Stroman Inc,65 Forest Dale Circle,Lansing,Michigan,48930,5172192072,twinship0@plala.or.jp,Vietnamese,$$
Smith-Osinski,4 Upham Plaza,Warren,Michigan,48092,8105837083,kabbe1@cocolog-nifty.com,Indian,$$$
Bernhard LLC,431 Victoria Drive,Grand Rapids,Michigan,49510,6165393725,sbrooking2@so-net.ne.jp,Persian,$$
Wolff-Koch,32 Service Court,Flint,Michigan,48555,8105469795,dsibbald3@hp.com,Thai,$$
"Schulist, Orn and Casper",93628 Eagle Crest Pass,Lansing,Michigan,48901,5174696888,godell4@topsy.com,Persian,$$
"Borer, Schamberger and Walsh",69566 Ilene Lane,Lansing,Michigan,48901,5171565177,rbeart5@forbes.com,Korean,$$
"Little, Rice and Weimann",76744 Chinook Junction,Grand Rapids,Michigan,49544,6169719087,lascroft6@sourceforge.net,Greek,$$
Marks-Adams,840 Melrose Way,Ann Arbor,Michigan,48107,7344230380,csaddington7@va.gov,Vietnamese,$$$
Blanda Group,9 Westend Plaza,Muskegon,Michigan,49444,2317789721,aestabrook8@123-reg.co.uk,Persian,$$
Mante and Sons,574 Barnett Lane,Detroit,Michigan,48206,7347200886,fellicock9@usda.gov,Thai,$$$
Macejkovic LLC,774 Tomscot Pass,Midland,Michigan,48670,9898865586,brosenauera@engadget.com,Greek,$$
Schiller LLC,742 2nd Park,Battle Creek,Michigan,49018,2695248355,agarvieb@cloudflare.com,Continental,$
"Dach, Frami and Muller",484 Sommers Drive,Saginaw,Michigan,48609,9896899010,nfreeburyc@dmoz.org,Japanese,$
"Grant, Bernier and Lemke",1 Gulseth Street,Lansing,Michigan,48956,5175674057,aalyukind@imdb.com,Japanese,$
"Lindgren, Adams and Wisozk",2 Vahlen Plaza,Troy,Michigan,48098,2485919360,hgrahamee@joomla.org,Thai,$
Rodriguez LLC,0190 Buell Hill,Lansing,Michigan,48956,5171120379,plawerencef@businessinsider.com,Indonesian,$
"Braun, Auer and Lowe",51574 Stoughton Parkway,Lansing,Michigan,48901,5175754944,tleeseg@about.me,Japanese,$$
Breitenberg-Walsh,59 Steensland Way,Detroit,Michigan,48258,7349717238,okearfordh@stumbleupon.com,Persian,$$$
"Goodwin, Bartell and Roob",1 Old Shore Street,Grand Rapids,Michigan,49560,6167850207,gboudai@timesonline.co.uk,Persian,$$
"Raynor, Terry and Cronin",93 Bartelt Way,Saginaw,Michigan,48609,9896043365,tdaulbyj@accuweather.com,Greek,$
"Konopelski, Terry and Gislason",64 Nelson Junction,Midland,Michigan,48670,9896395701,dfranciskiewiczk@slashdot.org,Korean,$
Spencer Group,2859 Ridgeview Plaza,Detroit,Michigan,48275,3134993317,ehousenl@biglobe.ne.jp,Continental,$
"Bergnaum, Kohler and Jakubowski",8420 Raven Parkway,Flint,Michigan,48555,8101458606,cpitkaithlym@behance.net,Indonesian,$$$
Fadel and Sons,73080 Little Fleur Street,Detroit,Michigan,48206,8102206043,wassindern@rambler.ru,American,$
Stark and Sons,51 Victoria Hill,Kalamazoo,Michigan,49048,2694262646,abloxamo@bloomberg.com,Greek,$$$
Robel-Leannon,51253 Ridgeview Hill,Grand Rapids,Michigan,49510,6167485524,raleksandrovp@sourceforge.net,Vietnamese,$$$
Hilpert Group,0373 Blaine Road,Kalamazoo,Michigan,49006,2699858767,bwhitehouseq@newyorker.com,Chinese,$$
Moore and Sons,12085 Kenwood Park,Grand Rapids,Michigan,49560,6166342918,vgasperir@bbb.org,Thai,$
Graham and Sons,36162 Hallows Hill,Lansing,Michigan,48956,5175015211,vfannins@i2i.jp,Indonesian,$$
Schaefer-Witting,8475 Sage Court,Kalamazoo,Michigan,49006,2693526434,hmeldont@columbia.edu,American,$
Waelchi-Nader,7 Northridge Center,Midland,Michigan,48670,9892654819,sguillotonu@woothemes.com,American,$$$
"Jaskolski, Johnson and Runolfsdottir",0407 Reinke Point,Lansing,Michigan,48919,5173919802,hlindemanv@typepad.com,Continental,$$$
"Franecki, Blick and Gerhold",6613 Northfield Circle,Grand Rapids,Michigan,49510,6169821988,fdalliwatrw@seattletimes.com,Continental,$
Gaylord-Jakubowski,8 Elka Street,Southfield,Michigan,48076,8107972026,kgarroldx@weibo.com,Chinese,$$$
Altenwerth-Bayer,48 Banding Hill,Warren,Michigan,48092,5868894087,wstrettelly@nsw.gov.au,American,$
Cummings-Hessel,7 Macpherson Plaza,Warren,Michigan,48092,5868463954,cfullertonz@etsy.com,American,$$$
"Jacobson, Hayes and Leuschke",4656 Ryan Circle,Detroit,Michigan,48275,3137033894,edoorly10@yale.edu,Persian,$$
Littel-Abernathy,7016 Kenwood Court,Detroit,Michigan,48232,3134001937,tmaccrann11@auda.org.au,Persian,$$$
Krajcik-Murphy,2 Bellgrove Parkway,Warren,Michigan,48092,8103743191,eamoss12@noaa.gov,Indonesian,$$
Gutkowski-Corwin,427 Red Cloud Point,Detroit,Michigan,48206,5866388415,hdumbar13@slate.com,Persian,$$$
